"Marca temporal","¿Cuál es su rol principal en la carnicería?","¿En qué área trabaja con mayor frecuencia?","¿Cuánto tiempo lleva trabajando en esta carnicería?","¿En qué turno trabaja habitualmente?","¿Qué herramienta utiliza actualmente para registrar información de su trabajo?","¿Con qué frecuencia realiza tareas de pesaje de productos?","¿Con qué frecuencia detecta errores en el peso o el etiquetado de los productos?","¿Cuál de las siguientes tareas le consume más tiempo en su jornada?","¿Qué tan seguido participa en el control de inventario o almacenamiento?","¿Cómo verifica actualmente el origen, lote o proveedor de un producto?","¿Con qué frecuencia le falta información necesaria para completar su trabajo correctamente?","¿Cuál considera la causa más frecuente de pérdida de producto en su área de trabajo?","¿Cómo se entera actualmente de que un producto está próximo a vencer o en mal estado?","¿Qué tipo de capacitación ha recibido sobre los procesos que realiza?","¿Qué tipo de dispositivo usaría con mayor comodidad si se implementa un nuevo sistema?","¿Cómo prefiere recibir alertas o notificaciones importantes de su trabajo?","¿Con qué frecuencia necesita comunicarse con otras áreas para coordinar su trabajo?","¿Cuál considera el mayor obstáculo para realizar bien su trabajo actualmente?","¿En qué momento del día percibe mayor carga de trabajo?","¿Cuál considera el mayor riesgo actual en el manejo de los productos cárnicos?","Indique su grado de acuerdo con cada una de las siguientes afirmaciones.
1 = Totalmente en desacuerdo
2 = En desacuerdo
3 = Neutral
4 = De acuerdo
5 = Totalmente de acuerdo [Actualmente puedo registrar la información de mi trabajo de forma rápida y sin errores.]","Indique su grado de acuerdo con cada una de las siguientes afirmaciones.
1 = Totalmente en desacuerdo
2 = En desacuerdo
3 = Neutral
4 = De acuerdo
5 = Totalmente de acuerdo [El proceso de pesaje actual es preciso y confiable.]","Indique su grado de acuerdo con cada una de las siguientes afirmaciones.
1 = Totalmente en desacuerdo
2 = En desacuerdo
3 = Neutral
4 = De acuerdo
5 = Totalmente de acuerdo [Cuento con la información necesaria para conocer el origen de cada producto que manejo.]","Indique su grado de acuerdo con cada una de las siguientes afirmaciones.
1 = Totalmente en desacuerdo
2 = En desacuerdo
3 = Neutral
4 = De acuerdo
5 = Totalmente de acuerdo [El etiquetado actual refleja correctamente la información real del producto.]","Indique su grado de acuerdo con cada una de las siguientes afirmaciones.
1 = Totalmente en desacuerdo
2 = En desacuerdo
3 = Neutral
4 = De acuerdo
5 = Totalmente de acuerdo [Puedo identificar fácilmente cuándo un producto está por vencer o en mal estado.]","Indique su grado de acuerdo con cada una de las siguientes afirmaciones.
1 = Totalmente en desacuerdo
2 = En desacuerdo
3 = Neutral
4 = De acuerdo
5 = Totalmente de acuerdo [El control de inventario actual me permite saber con exactitud qué productos hay disponibles.]","Indique su grado de acuerdo con cada una de las siguientes afirmaciones.
1 = Totalmente en desacuerdo
2 = En desacuerdo
3 = Neutral
4 = De acuerdo
5 = Totalmente de acuerdo [Recibo a tiempo la información necesaria para realizar bien mi trabajo.]","Indique su grado de acuerdo con cada una de las siguientes afirmaciones.
1 = Totalmente en desacuerdo
2 = En desacuerdo
3 = Neutral
4 = De acuerdo
5 = Totalmente de acuerdo [Las herramientas que uso actualmente (papel, Excel, etc.) son suficientes para mi trabajo diario.]","Indique su grado de acuerdo con cada una de las siguientes afirmaciones.
1 = Totalmente en desacuerdo
2 = En desacuerdo
3 = Neutral
4 = De acuerdo
5 = Totalmente de acuerdo [Estaría dispuesto/a a usar un sistema digital nuevo si simplifica mis tareas diarias.]","Indique su grado de acuerdo con cada una de las siguientes afirmaciones.
1 = Totalmente en desacuerdo
2 = En desacuerdo
3 = Neutral
4 = De acuerdo
5 = Totalmente de acuerdo [Considero que un sistema automatizado de pesaje y etiquetado reduciría los errores en mi trabajo.]","Indique su grado de acuerdo con cada una de las siguientes afirmaciones.
1 = Totalmente en desacuerdo
2 = En desacuerdo
3 = Neutral
4 = De acuerdo
5 = Totalmente de acuerdo [Me sentiría cómodo/a utilizando una aplicación o sistema en tablet o celular para mi trabajo.]","Indique su grado de acuerdo con cada una de las siguientes afirmaciones.
1 = Totalmente en desacuerdo
2 = En desacuerdo
3 = Neutral
4 = De acuerdo
5 = Totalmente de acuerdo [Un sistema de alertas automáticas (vencimientos, anomalías de peso) mejoraría la calidad de mi trabajo diario.]"
"2026/08/02 2:35:46 p. m. GMT-5","Almacén y bodega","Almacén / frigorífico","Menos de 6 meses","Turno matutino","Hoja de cálculo (Excel u otro)","Varias veces al día","Raramente","Pesaje y etiquetado","Semanalmente","Revisando un registro o etiqueta física","Rara vez","Vencimiento del producto","Revisión visual u olfativa directa","Explicación básica e informal","Celular / smartphone","Mensaje de texto / WhatsApp","Pocas veces al día","Falta de información oportuna","Mediodía","Productos vencidos o mal conservados","2","3","2","3","3","2","2","3","3","3","3","3"
"2026/08/02 4:57:44 p. m. GMT-5","Pesaje y etiquetado","Despiece","Entre 1 y 3 años","Jornada completa","Cuaderno o papel","Varias veces al día","Ocasionalmente","Despiece","Diariamente","Revisando un registro o etiqueta física","A veces","Mal almacenamiento o temperatura inadecuada","Revisión visual u olfativa directa","Capacitación formal ocasional","Balanza con pantalla integrada","Mensaje de texto / WhatsApp","Constantemente durante el día","Falta de personal","Apertura / inicio del día","Errores en el peso","2","3","2","4","2","4","2","3","3","2","3","2"
"2026/08/02 4:58:44 p. m. GMT-5","Recepción de animales/proveedores","Recepción y control de proveedores","Menos de 6 meses","Turno matutino","Cuaderno o papel","Una vez al día","Raramente","Pesaje y etiquetado","Semanalmente","Preguntando al supervisor","A veces","Error en el pesaje","Revisión visual u olfativa directa","Explicación básica e informal","Balanza con pantalla integrada","Mensaje de texto / WhatsApp","Pocas veces al día","Falta de información oportuna","Mediodía","Pérdida de trazabilidad del producto","3","2","4","2","3","2","3","3","2","4","2","3"
"2026/08/02 5:05:21 p. m. GMT-5","Almacén y bodega","Almacén / frigorífico","Entre 1 y 3 años","Jornada completa","Cuaderno o papel","Varias veces al día","Ocasionalmente","Pesaje y etiquetado","Semanalmente","No tengo forma clara de verificarlo","A veces","Error en el pesaje","Fecha anotada en papel o etiqueta","Capacitación formal ocasional","Computadora de escritorio","Correo electrónico","Varias veces al día","Falta de personal","Mediodía","Productos vencidos o mal conservados","2","2","3","2","3","4","3","4","3","4","3","4"
"2026/08/02 5:07:39 p. m. GMT-5","Ventas y atención al cliente","Ventas","Entre 6 meses y 1 año","Turno vespertino","Hoja de cálculo (Excel u otro)","Varias veces al día","Raramente","Control de inventario","Diariamente","Preguntando al supervisor","A veces","Error en el pesaje","Revisión visual u olfativa directa","Explicación básica e informal","Computadora de escritorio","Mensaje de texto / WhatsApp","Pocas veces al día","Herramientas manuales o lentas","Mediodía","Falta de comunicación entre áreas","3","3","4","4","4","4","4","3","4","4","4","4"
"2026/08/02 5:07:40 p. m. GMT-5","Ventas y atención al cliente","Ventas","Entre 6 meses y 1 año","Jornada completa","Hoja de cálculo (Excel u otro)","Rara vez o nunca","Raramente","Atención al cliente","Mensualmente","No tengo forma clara de verificarlo","Rara vez","Merma durante el despiece","Aviso de un supervisor o compañero","Explicación básica e informal","Tablet","Correo electrónico","Varias veces al día","Fallas en equipos o balanzas","Mediodía","Pérdida de trazabilidad del producto","4","3","2","3","4","3","2","3","4","3","2","3"
"2026/08/02 5:08:55 p. m. GMT-5","Pesaje y etiquetado","Pesaje y etiquetado","Entre 1 y 3 años","Jornada completa","Cuaderno o papel","Varias veces al día","Ocasionalmente","Despiece","Semanalmente","Revisando un registro o etiqueta física","A veces","Error en el pesaje","Revisión visual u olfativa directa","Capacitación formal ocasional","Tablet","Mensaje de texto / WhatsApp","Varias veces al día","Falta de personal","Apertura / inicio del día","Errores en el etiquetado","3","3","4","2","4","3","3","2","4","2","3","4"
"2026/08/02 5:09:24 p. m. GMT-5","Ventas y atención al cliente","Ventas","Entre 6 meses y 1 año","Turno matutino","Hoja de cálculo (Excel u otro)","Algunas veces por semana","Raramente","Control de inventario","Nunca","Revisando un registro o etiqueta física","A veces","Vencimiento del producto","Revisión visual u olfativa directa","Explicación básica e informal","Computadora de escritorio","Correo electrónico","Pocas veces al día","Herramientas manuales o lentas","Tarde / cierre","Errores en el etiquetado","2","2","2","2","2","2","3","2","4","5","5","5"
"2026/08/02 5:14:42 p. m. GMT-5","Almacén y bodega","Pesaje y etiquetado","Más de 3 años","Turno matutino","Cuaderno o papel","Varias veces al día","Muy frecuentemente","Registro de datos e información","Semanalmente","Revisando un registro o etiqueta física","Muy frecuentemente","Mal almacenamiento o temperatura inadecuada","Revisión visual u olfativa directa","Capacitación formal ocasional","Celular / smartphone","Mensaje de texto / WhatsApp","Varias veces al día","Falta de información oportuna","Apertura / inicio del día","Errores en el peso","4","2","3","5","5","4","4","3","2","4","4","3"
"2026/08/02 5:14:56 p. m. GMT-5","Ventas y atención al cliente","Ventas","Entre 6 meses y 1 año","Jornada completa","Cuaderno o papel","Varias veces al día","Raramente","Despiece","Semanalmente","No tengo forma clara de verificarlo","Rara vez","Error en el etiquetado","Fecha anotada en papel o etiqueta","Explicación básica e informal","Computadora de escritorio","Notificación en pantalla del sistema","Pocas veces al día","Falta de capacitación","Tarde / cierre","Errores en el peso","3","3","4","3","4","4","3","2","5","5","5","5"
"2026/08/02 5:15:46 p. m. GMT-5","Ventas y atención al cliente","Ventas","Entre 6 meses y 1 año","Jornada completa","Algún sistema o software","Varias veces al día","Ocasionalmente","Registro de datos e información","Nunca","Revisando un registro o etiqueta física","Muy frecuentemente","Vencimiento del producto","Revisión visual u olfativa directa","Explicación básica e informal","Computadora de escritorio","Notificación en pantalla del sistema","Varias veces al día","Falta de personal","Tarde / cierre","Pérdida de trazabilidad del producto","4","3","5","3","4","2","3","4","3","4","3","4"
"2026/08/02 5:18:12 p. m. GMT-5","Despiece y procesamiento","Despiece","Entre 6 meses y 1 año","Jornada completa","Cuaderno o papel","Varias veces al día","Raramente","Despiece","Semanalmente","Preguntando al supervisor","Rara vez","Mal almacenamiento o temperatura inadecuada","Revisión visual u olfativa directa","Explicación básica e informal","Celular / smartphone","Notificación en pantalla del sistema","Pocas veces al día","Herramientas manuales o lentas","Apertura / inicio del día","Errores en el peso","4","4","3","4","4","4","4","3","5","4","4","4"
"2026/08/02 11:11:43 p. m. GMT-5","Despiece y procesamiento","Recepción y control de proveedores","Entre 6 meses y 1 año","Turno nocturno","Algún sistema o software","Una vez al día","Ocasionalmente","Pesaje y etiquetado","Semanalmente","Revisando un registro o etiqueta física","Rara vez","Vencimiento del producto","Revisión visual u olfativa directa","Explicación básica e informal","Tablet","Mensaje de texto / WhatsApp","Pocas veces al día","Falta de capacitación","Mediodía","Errores en el peso","2","2","2","2","2","2","2","2","2","2","2","2"
"2026/08/02 11:13:33 p. m. GMT-5","Recepción de animales/proveedores","Pesaje y etiquetado","Menos de 6 meses","Turno matutino","Cuaderno o papel","Varias veces al día","Muy frecuentemente","Registro de datos e información","Diariamente","Revisando un registro o etiqueta física","Rara vez","Error en el pesaje","Aviso de un supervisor o compañero","Explicación básica e informal","Celular / smartphone","Mensaje de texto / WhatsApp","Pocas veces al día","Falta de personal","Tarde / cierre","Errores en el peso","1","2","1","1","2","1","2","1","2","2","1","2"
"2026/08/02 11:15:37 p. m. GMT-5","Recepción de animales/proveedores","Recepción y control de proveedores","Menos de 6 meses","Turno vespertino","Algún sistema o software","Una vez al día","Raramente","Registro de datos e información","Diariamente","No tengo forma clara de verificarlo","Nunca","Mal almacenamiento o temperatura inadecuada","Fecha anotada en papel o etiqueta","Capacitación formal y constante","Celular / smartphone","Notificación en pantalla del sistema","Varias veces al día","Herramientas manuales o lentas","Tarde / cierre","Productos vencidos o mal conservados","3","2","3","3","2","3","2","3","2","3","3","2"
"2026/08/02 11:20:36 p. m. GMT-5","Recepción de animales/proveedores","Todas por igual","Entre 1 y 3 años","Turno vespertino","Hoja de cálculo (Excel u otro)","Algunas veces por semana","Ocasionalmente","Control de inventario","Semanalmente","Preguntando al supervisor","Nunca","Error en el pesaje","Aviso de un supervisor o compañero","Capacitación formal y constante","Tablet","Mensaje de texto / WhatsApp","Pocas veces al día","Herramientas manuales o lentas","Tarde / cierre","Errores en el peso","2","1","2","3","2","2","3","1","2","2","2","1"
"2026/08/02 11:21:22 p. m. GMT-5","Supervisión / administración","Recepción y control de proveedores","Entre 6 meses y 1 año","Turno rotativo","Cuaderno o papel","Rara vez o nunca","Raramente","Despiece","Semanalmente","Preguntando al supervisor","A veces","Merma durante el despiece","Aviso de un supervisor o compañero","Capacitación formal ocasional","Balanza con pantalla integrada","Notificación en pantalla del sistema","Constantemente durante el día","Falta de información oportuna","Distribuida durante todo el día","Errores en el etiquetado","2","2","2","1","2","3","1","2","3","1","1","3"
"2026/08/02 11:22:16 p. m. GMT-5","Recepción de animales/proveedores","Todas por igual","Más de 3 años","Turno nocturno","Hoja de cálculo (Excel u otro)","Una vez al día","Muy frecuentemente","Registro de datos e información","Semanalmente","No tengo forma clara de verificarlo","Nunca","Mal almacenamiento o temperatura inadecuada","No hay una forma clara de saberlo","Capacitación formal ocasional","Computadora de escritorio","Aviso verbal del supervisor","Constantemente durante el día","Fallas en equipos o balanzas","Distribuida durante todo el día","Errores en el etiquetado","1","3","3","1","4","3","1","3","3","1","3","3"
"2026/08/02 11:23:18 p. m. GMT-5","Recepción de animales/proveedores","Almacén / frigorífico","Entre 6 meses y 1 año","Jornada completa","Lo hago de memoria, sin registrar","Varias veces al día","Muy frecuentemente","Despiece","Mensualmente","Revisando un registro o etiqueta física","Muy frecuentemente","Mal almacenamiento o temperatura inadecuada","No hay una forma clara de saberlo","Capacitación formal y constante","Tablet","Aviso verbal del supervisor","Pocas veces al día","Falta de información oportuna","Distribuida durante todo el día","Productos vencidos o mal conservados","2","1","3","1","2","1","1","1","1","1","1","1"
"2026/08/02 11:24:12 p. m. GMT-5","Supervisión / administración","Almacén / frigorífico","Menos de 6 meses","Jornada completa","Hoja de cálculo (Excel u otro)","Rara vez o nunca","Raramente","Registro de datos e información","Diariamente","No tengo forma clara de verificarlo","Muy frecuentemente","Vencimiento del producto","Fecha anotada en papel o etiqueta","Explicación básica e informal","Balanza con pantalla integrada","Notificación en pantalla del sistema","Constantemente durante el día","Falta de personal","Mediodía","Errores en el peso","2","2","2","1","2","2","2","2","2","2","2","2"
"2026/08/02 11:25:14 p. m. GMT-5","Supervisión / administración","Recepción y control de proveedores","Entre 1 y 3 años","Turno vespertino","Lo hago de memoria, sin registrar","Varias veces al día","Ocasionalmente","Pesaje y etiquetado","Mensualmente","No tengo forma clara de verificarlo","Muy frecuentemente","Mal almacenamiento o temperatura inadecuada","No hay una forma clara de saberlo","Capacitación formal y constante","Celular / smartphone","Mensaje de texto / WhatsApp","Rara vez","Fallas en equipos o balanzas","Tarde / cierre","Errores en el peso","2","1","1","2","3","3","3","1","2","3","2","1"
"2026/08/02 11:25:28 p. m. GMT-5","Pesaje y etiquetado","Despiece","Entre 6 meses y 1 año","Turno vespertino","Hoja de cálculo (Excel u otro)","Varias veces al día","Ocasionalmente","Pesaje y etiquetado","Diariamente","Revisando un registro o etiqueta física","A veces","Merma durante el despiece","Aviso de un supervisor o compañero","Capacitación formal ocasional","Tablet","Notificación en pantalla del sistema","Pocas veces al día","Falta de capacitación","Tarde / cierre","Errores en el etiquetado","3","4","3","4","4","3","4","4","4","4","4","4"
"2026/08/02 11:26:03 p. m. GMT-5","Despiece y procesamiento","Pesaje y etiquetado","Entre 6 meses y 1 año","Turno matutino","Algún sistema o software","Varias veces al día","Nunca","Registro de datos e información","Diariamente","Revisando un registro o etiqueta física","A veces","Merma durante el despiece","No hay una forma clara de saberlo","Ninguna capacitación","Celular / smartphone","Correo electrónico","Varias veces al día","Falta de capacitación","Tarde / cierre","Pérdida de trazabilidad del producto","1","3","1","1","1","3","4","1","4","4","1","1"
"2026/08/02 11:26:23 p. m. GMT-5","Pesaje y etiquetado","Despiece","Entre 1 y 3 años","Turno vespertino","Algún sistema o software","Una vez al día","Ocasionalmente","Despiece","Mensualmente","Preguntando al supervisor","Muy frecuentemente","Vencimiento del producto","Revisión visual u olfativa directa","Capacitación formal ocasional","Tablet","Mensaje de texto / WhatsApp","Varias veces al día","Falta de personal","Mediodía","Errores en el etiquetado","1","3","2","3","1","2","2","3","2","1","3","3"
"2026/08/02 11:27:17 p. m. GMT-5","Pesaje y etiquetado","Despiece","Más de 3 años","Turno nocturno","Cuaderno o papel","Rara vez o nunca","Muy frecuentemente","Despiece","Mensualmente","Preguntando al supervisor","Muy frecuentemente","Error en el etiquetado","Revisión visual u olfativa directa","Capacitación formal ocasional","Computadora de escritorio","Notificación en pantalla del sistema","Constantemente durante el día","Falta de información oportuna","Tarde / cierre","Errores en el etiquetado","2","2","2","2","2","3","4","4","4","4","4","4"
"2026/08/02 11:29:36 p. m. GMT-5","Ventas y atención al cliente","Almacén / frigorífico","Menos de 6 meses","Turno matutino","Hoja de cálculo (Excel u otro)","Una vez al día","Ocasionalmente","Despiece","Diariamente","Preguntando al supervisor","Muy frecuentemente","Vencimiento del producto","Aviso de un supervisor o compañero","Capacitación formal y constante","Celular / smartphone","Aviso verbal del supervisor","Varias veces al día","Falta de capacitación","Mediodía","Productos vencidos o mal conservados","1","2","3","3","2","2","2","3","2","2","2","2"
"2026/08/02 11:29:54 p. m. GMT-5","Recepción de animales/proveedores","Pesaje y etiquetado","Entre 1 y 3 años","Turno vespertino","Hoja de cálculo (Excel u otro)","Rara vez o nunca","Ocasionalmente","Despiece","Diariamente","Revisando un registro o etiqueta física","Muy frecuentemente","Mal almacenamiento o temperatura inadecuada","Aviso de un supervisor o compañero","Capacitación formal ocasional","Celular / smartphone","Notificación en pantalla del sistema","Pocas veces al día","Herramientas manuales o lentas","Mediodía","Pérdida de trazabilidad del producto","3","1","2","2","3","1","2","2","1","2","2","1"
"2026/08/02 11:30:18 p. m. GMT-5","Pesaje y etiquetado","Pesaje y etiquetado","Entre 6 meses y 1 año","Turno nocturno","Lo hago de memoria, sin registrar","Varias veces al día","Muy frecuentemente","Registro de datos e información","Diariamente","No tengo forma clara de verificarlo","A veces","Mal almacenamiento o temperatura inadecuada","Fecha anotada en papel o etiqueta","Capacitación formal ocasional","Celular / smartphone","Notificación en pantalla del sistema","Pocas veces al día","Falta de información oportuna","Tarde / cierre","Pérdida de trazabilidad del producto","1","2","1","3","2","3","2","1","2","2","3","2"
"2026/08/02 11:30:55 p. m. GMT-5","Despiece y procesamiento","Pesaje y etiquetado","Entre 6 meses y 1 año","Turno nocturno","Algún sistema o software","Algunas veces por semana","Ocasionalmente","Atención al cliente","Semanalmente","Revisando un registro o etiqueta física","Muy frecuentemente","Merma durante el despiece","Fecha anotada en papel o etiqueta","Capacitación formal ocasional","Balanza con pantalla integrada","Correo electrónico","Pocas veces al día","Falta de personal","Mediodía","Pérdida de trazabilidad del producto","2","2","3","1","2","1","2","2","2","3","1","2"
"2026/08/02 11:41:23 p. m. GMT-5","Pesaje y etiquetado","Recepción y control de proveedores","Entre 6 meses y 1 año","Turno vespertino","Cuaderno o papel","Una vez al día","Raramente","Registro de datos e información","Semanalmente","Revisando un registro o etiqueta física","Muy frecuentemente","Vencimiento del producto","Aviso de un supervisor o compañero","Ninguna capacitación","Balanza con pantalla integrada","Notificación en pantalla del sistema","Varias veces al día","Falta de capacitación","Distribuida durante todo el día","Productos vencidos o mal conservados","1","2","2","1","2","3","4","3","3","4","3","4"
"2026/08/02 11:42:01 p. m. GMT-5","Despiece y procesamiento","Despiece","Entre 6 meses y 1 año","Jornada completa","Lo hago de memoria, sin registrar","Rara vez o nunca","Muy frecuentemente","Despiece","Semanalmente","Revisando un registro o etiqueta física","A veces","Mal almacenamiento o temperatura inadecuada","Revisión visual u olfativa directa","Explicación básica e informal","Computadora de escritorio","Correo electrónico","Varias veces al día","Falta de información oportuna","Tarde / cierre","Productos vencidos o mal conservados","1","2","2","1","2","1","2","2","1","3","2","3"